股票代码,企业名称,数字技术应用,人工智能技术,区块链技术,大数据技术,云计算技术,总词频数,数字化转型指数
300076,宁波GQY视讯股份有限公司,0,6,0,2,0,8,0.337166892
300163,宁波先锋新材料股份有限公司,7,0,0,0,0,7,-0.08878452
002592,南宁八菱科技股份有限公司,0,0,0,0,0,0,-0.220801475
300165,江苏天瑞仪器股份有限公司,2,1,0,5,0,8,0.686126545
300112,深圳万讯自控股份有限公司,0,0,0,0,0,0,-0.220801475
300276,三丰智能装备集团股份有限公司,0,5,0,0,0,5,-0.03304718
300236,上海新阳半导体材料股份有限公司,0,4,0,0,0,4,-0.070598039
300762,上海瀚讯信息技术股份有限公司,0,3,0,1,0,4,0.058182708
300827,上能电气股份有限公司,0,2,0,0,0,2,-0.145699757
300150,北京世纪瑞尔技术股份有限公司,0,1,0,0,0,1,-0.183250616
300239,包头东宝生物技术股份有限公司,0,0,0,0,0,0,-0.220801475
002675,烟台东诚药业集团股份有限公司,0,0,0,0,0,0,-0.220801475
300414,四川中光防雷科技股份有限公司,0,1,0,0,0,1,-0.183250616
003009,陕西中天火箭技术股份有限公司,0,0,0,1,0,1,-0.054469869
300470,中密控股股份有限公司,0,2,0,0,0,2,-0.145699757
300425,中建环能科技股份有限公司,9,1,0,0,0,10,-0.013514531
300177,广州中海达卫星导航技术股份有限公司,0,14,0,0,0,14,0.304910551
300025,湖南中科电气股份有限公司,0,0,0,0,0,0,-0.220801475
300777,中简科技股份有限公司,0,0,0,0,0,0,-0.220801475
300114,中航成飞股份有限公司,3,2,0,0,0,5,-0.089121062
300936,常州中英科技股份有限公司,1,2,0,0,0,3,-0.126840192
300516,湖北久之洋红外系统股份有限公司,2,7,0,1,0,10,0.246105274
300631,江苏久吾高科技股份有限公司,0,0,0,0,0,0,-0.220801475
300406,北京九强生物技术股份有限公司,0,3,0,0,0,3,-0.108148898
300304,江苏云意电气股份有限公司,0,0,0,0,0,0,-0.220801475
002866,江苏传艺科技股份有限公司,0,1,0,0,0,1,-0.183250616
300213,北京佳讯飞鸿电气股份有限公司,0,44,0,1,0,45,1.597767928
300715,江苏凯伦建材股份有限公司,0,0,0,0,0,0,-0.220801475
300236,上海凯利泰医疗科技股份有限公司,0,2,0,0,0,2,-0.145699757
300407,天津凯发电气股份有限公司,1,4,0,0,0,5,-0.051738474
002549,湖南凯美特气体股份有限公司,0,0,0,0,0,0,-0.220801475
300800,力合科技（湖南）股份有限公司,0,6,0,2,0,8,0.337166892
002393,天津力生制药股份有限公司,0,0,0,0,0,0,-0.220801475
300016,"

北京北陆药业股份有限公司",0,0,0,0,0,0,-0.220801475
300717,江苏华信新材料股份有限公司,2,0,0,0,0,2,-0.183082345
000790,成都华神科技集团股份有限公司,0,1,0,0,0,1,-0.183250616
001208,湖南华菱线缆股份有限公司,4,3,0,0,0,7,-0.032710638
300809,华辰精密装备（昆山）股份有限公司,0,2,0,0,0,2,-0.145699757
300929,安徽华骐环保科技股份有限公司,0,3,0,0,0,3,-0.108148898
002757,南兴装备股份有限公司,1,17,0,0,0,18,0.436422693
300417,佛山市南华仪器股份有限公司,0,5,0,16,0,21,2.62825852
300346,江苏南大光电材料股份有限公司,0,2,0,0,0,2,-0.145699757
300471,厚普清洁能源（集团）股份有限公司,0,1,0,0,0,1,-0.183250616
300551,上海古鳌电子科技股份有限公司,0,10,0,1,0,11,0.321038722
003029,长春吉大正元信息技术股份有限公司,1,10,0,2,0,13,0.506229893
002803,厦门吉宏科技股份有限公司,52,4,0,0,0,56,0.910099341
300302,北京同有飞骥科技股份有限公司,0,2,0,0,0,2,-0.145699757
300179,河南四方达超硬材料股份有限公司,0,0,0,0,0,0,-0.220801475
300786,青岛国林科技集团股份有限公司,1,0,0,0,0,1,-0.20194191
300855,江苏图南合金股份有限公司,0,0,0,0,0,0,-0.220801475
300611,圣邦微电子（北京）股份有限公司,4,18,0,0,0,22,0.530552247
300394,苏州天孚光通信股份有限公司,0,16,0,0,0,16,0.380012269
002134,"

天津普林电路股份有限公司",0,0,0,0,0,0,-0.220801475
300922,秦皇岛天秦装备制造股份有限公司,0,0,0,0,0,0,-0.220801475
002338,长春奥普光电技术股份有限公司,0,0,0,2,0,2,0.111861738
002231,奥维通信股份有限公司,0,1,0,1,0,2,-0.01691901
300585,南京奥联汽车电子电器股份有限公司,0,4,0,0,0,4,-0.070598039
002849,浙江威星智能仪表股份有限公司,2,3,0,0,0,5,-0.070429768
300617,江苏安靠智电股份有限公司,0,1,0,0,0,1,-0.183250616
001696,重庆宗申动力机械股份有限公司,0,2,0,0,0,2,-0.145699757
300905,苏州宝丽迪材料科技股份有限公司,0,0,0,0,0,0,-0.220801475
300402,南京宝色股份公司,0,1,0,0,0,1,-0.183250616
300576,深圳市容大感光科技股份有限公司,1,1,0,0,0,2,-0.164391051
300613,上海富瀚微电子股份有限公司,0,28,0,0,0,28,0.830622578
002810,山东赫达集团股份有限公司,0,0,0,0,0,0,-0.220801475
300452,安徽山河药用辅料股份有限公司,0,0,0,0,0,0,-0.220801475
300930,杭州屹通新材料股份有限公司,1,1,0,0,0,2,-0.164391051
300842,无锡帝科电子材料股份有限公司,0,0,0,0,0,0,-0.220801475
300638,深圳市广和通无线股份有限公司,0,5,0,0,0,5,-0.03304718
300900,广联航空工业股份有限公司,0,0,0,0,0,0,-0.220801475
300841,成都康华生物制品股份有限公司,0,0,0,0,0,0,-0.220801475
300823,建科智能装备制造（天津）股份有限公司,0,2,0,6,0,8,0.852289881
002833,广州弘亚数控机械股份有限公司,0,0,0,0,0,0,-0.220801475
002890,山东弘宇精机股份有限公司,0,0,0,0,0,0,-0.220801475
300429,常州强力电子新材料股份有限公司,0,1,0,0,0,1,-0.183250616
003033,青岛征和工业股份有限公司,0,0,0,0,0,0,-0.220801475
300780,四川德恩精工科技股份有限公司,3,2,0,0,0,5,-0.089121062
300769,深圳市德方纳米科技股份有限公司,0,0,0,0,0,0,-0.220801475
300667,北京必创科技股份有限公司,2,3,0,0,0,5,-0.070429768
003025,思进智能成形装备股份有限公司,0,0,0,0,0,0,-0.220801475
300488,恒锋工具股份有限公司,0,1,0,0,0,1,-0.183250616
002812,云南恩捷新材料股份有限公司,0,1,0,0,0,1,-0.183250616
300460,广东惠伦晶体科技股份有限公司,7,2,0,0,0,9,-0.013682802
002190,四川成飞集成科技股份有限公司,0,0,0,0,0,0,-0.220801475
300357,浙江我武生物科技股份有限公司,0,4,0,0,0,4,-0.070598039
300875,天津捷强动力装备股份有限公司,0,0,0,0,0,0,-0.220801475
300623,江苏捷捷微电子股份有限公司,1,3,0,1,0,5,0.077042273
300806,江苏斯迪克新材料科技股份有限公司,2,0,0,0,0,2,-0.183082345
300259,新天科技股份有限公司,0,13,0,3,0,16,0.766354511
300593,北京新雷能科技股份有限公司,0,0,0,0,0,0,-0.220801475
300906,江西日月明测控科技股份有限公司,0,0,0,1,0,1,-0.054469869
300503,广州市昊志机电股份有限公司,0,1,0,0,0,1,-0.183250616
300812,深圳市易天自动化设备股份有限公司,2,5,0,11,0,18,1.834319619
300648,福建星云电子股份有限公司,0,0,0,0,0,0,-0.220801475
300610,扬州晨化新材料股份有限公司,0,0,0,0,0,0,-0.220801475
300581,西安晨曦航空科技股份有限公司,0,1,0,0,0,1,-0.183250616
002324,上海普利特复合材料股份有限公司,0,1,0,0,0,1,-0.183250616
300275,重庆梅安森科技股份有限公司,0,21,0,0,0,21,0.567766564
300653,烟台正海生物科技股份有限公司,0,0,0,0,0,0,-0.220801475
300371,汇中仪表股份有限公司,0,5,0,1,0,6,0.133284426
300007,汉威科技集团股份有限公司,6,11,0,1,0,18,0.471746971
002226,安徽江南化工股份有限公司,1,0,0,0,0,1,-0.20194191
300669,杭州沪宁电梯部件股份有限公司,0,0,0,0,0,0,-0.220801475
002927,贵州泰永长征技术股份有限公司,3,3,0,0,0,6,-0.051570203
002522,浙江众成包装材料股份有限公司,0,0,0,0,0,0,-0.220801475
300833,广州市浩洋电子股份有限公司,0,0,0,2,0,2,0.111861738
300065,北京海兰信数据科技股份有限公司,0,3,0,0,0,3,-0.108148898
300481,濮阳惠成电子材料股份有限公司,0,0,0,0,0,0,-0.220801475
300588,新疆熙菱信息技术股份有限公司,0,11,0,1,0,12,0.358589581
300753,江苏爱朋医疗科技股份有限公司,0,7,0,1,0,8,0.208386144
300884,厦门狄耐克智能科技股份有限公司,240,119,0,4,0,363,9.439372773
002997,瑞鹄汽车模具股份有限公司,0,3,0,0,0,3,-0.108148898
300853,杭州申昊科技股份有限公司,0,45,0,1,0,46,1.635318787
300693,深圳市盛弘电气股份有限公司,0,2,0,0,0,2,-0.145699757
300479,神思电子技术股份有限公司,1,47,0,0,0,48,1.562948464
002892,科力尔电机集团股份有限公司,27,8,0,0,0,35,0.588813652
002972,深圳科安达电子科技股份有限公司,0,8,0,0,0,8,0.079605397
300903,广东科翔电子科技股份有限公司,0,5,0,0,0,5,-0.03304718
002380,南京科远智慧科技集团股份有限公司,0,9,0,1,0,10,0.283487863
300428,立中四通轻合金集团股份有限公司,0,0,0,0,0,0,-0.220801475
002809,广东红墙新材料股份有限公司,1,0,0,0,0,1,-0.20194191
300427,红相股份有限公司,0,0,0,0,0,0,-0.220801475
300190,维尔利环保科技集团股份有限公司,0,0,0,0,0,0,-0.220801475
300611,浙江美力科技股份有限公司,0,0,0,0,0,0,-0.220801475
300848,美瑞新材料股份有限公司,0,0,0,0,0,0,-0.220801475
300586,广东美联新材料股份有限公司,0,0,0,1,0,1,-0.054469869
300818,江西耐普矿机股份有限公司,0,0,0,0,0,0,-0.220801475
300053,珠海航宇微科技股份有限公司,0,89,0,0,0,89,3.121224978
300816,安徽艾可蓝环保股份有限公司,0,1,0,0,0,1,-0.183250616
300685,厦门艾德生物医药科技股份有限公司,0,0,0,0,0,0,-0.220801475
002983,安徽芯瑞达科技股份有限公司,1,2,0,0,0,3,-0.126840192
300401,浙江花园生物医药股份有限公司,0,0,0,0,0,0,-0.220801475
300416,苏州苏试试验集团股份有限公司,0,2,0,0,0,2,-0.145699757
300820,四川英杰电气股份有限公司,0,0,0,0,0,0,-0.220801475
300582,英飞特电子（杭州）股份有限公司,0,0,0,0,0,0,-0.220801475
300290,荣科科技股份有限公司,0,18,0,1,0,19,0.621445594
002166,桂林莱茵生物科技股份有限公司,0,0,0,0,0,0,-0.220801475
300876,广东蒙泰高新纤维股份有限公司,0,0,0,0,0,0,-0.220801475
300487,西安蓝晓科技新材料股份有限公司,0,0,0,0,0,0,-0.220801475
300862,安徽蓝盾光电子股份有限公司,1,10,0,0,0,11,0.17356668
300305,江苏裕兴薄膜科技股份有限公司,0,0,0,0,0,0,-0.220801475
300430,北京诚益通控制技术集团股份有限公司,0,8,0,0,0,8,0.079605397
002337,天津赛象象科技股份有限限公司,0,3,0,0,0,3,-0.108148898
002296,河南辉煌科技股份有限公司,0,4,0,0,0,4,-0.070598039
300440,成都运达科技股份有限公司,0,10,0,6,0,16,1.152696753
002560,河南通达电缆股份有限公司,0,0,0,0,0,0,-0.220801475
002838,山东道恩高分子材料股份有限公司,0,0,0,0,0,0,-0.220801475
002869,深圳市金溢科技股份有限公司,0,9,0,0,0,9,0.117156256
003038,安徽鑫铂铝业股份有限公司,0,0,0,0,0,0,-0.220801475
300811,深圳市铂科新材料股份有限公司,2,6,0,1,0,9,0.208554415
002970,深圳市锐明技术股份有限公司,0,40,0,0,0,40,1.281232886
300604,杭州长川科技股份有限公司,0,1,0,0,0,1,-0.183250616
300706,福建阿石创新材料股份有限公司,0,0,0,0,0,0,-0.220801475
300546,深圳市雄帝科技股份有限公司,0,15,0,0,0,15,0.34246141
300553,杭州集智机电股份有限公司,0,4,0,0,0,4,-0.070598039
300767,震安科技股份有限公司,0,0,0,0,0,0,-0.220801475
300665,株洲飞鹿高新材料技术股份有限公司,0,0,0,0,0,0,-0.220801475
300499,广州高澜节能技术股份有限公司,0,4,0,0,0,4,-0.070598039
300200,北京高盟新材料股份有限公司,0,1,0,0,0,1,-0.183250616
002817,安徽黄山胶囊股份有限公司,0,0,0,0,0,0,-0.220801475
871329,"

丰润生物科技股份有限公司",0,0,0,0,0,0,8.12143E-20
871860,"

河北万杰科技集团股份有限公司",2,0,0,0,0,2,-0.220801475
872476,"

上海生农生化制品股份有限公司",0,0,0,0,0,0,-0.183082345
872145,"

广东东日环保股份有限公司",0,0,0,0,0,0,-0.220801475
872726,"

中机试验装备股份有限公司",0,0,0,0,0,0,-0.220801475
832411,"

中船九江精达科技股份有限公司",0,0,0,0,0,0,-0.220801475
872374,"云里物里

深圳云里物里科技股份有限公司",1,6,0,0,0,7,-0.220801475
872299,"

亚捷科技（唐山）股份有限公司",0,0,0,0,0,0,0.023363244
872709,"

湖南省农友农业装备股份有限公司",0,0,0,0,0,0,-0.220801475
872787,"

东莞市冬驭新材料股份有限公司",0,0,0,0,0,0,-0.220801475
872307,天津市创举科技股份有限公司,0,0,0,0,0,0,-0.220801475
873320,营口华峰动力发展股份有限公司,0,0,0,0,0,0,-0.220801475
839234,深圳市华成工业控制股份有限公司,0,0,0,0,0,0,-0.220801475
873331,"

湖北华阳汽车制动器股份有限公司",0,0,0,0,0,0,-0.220801475
870933,"

浙江卓奥科技股份有限公司",3,4,0,0,0,7,-0.220801475
871874,博纳斯威阀门股份有限公司,1,0,0,0,0,1,-0.014019344
873378,天津卡尔斯阀门股份有限公司,0,0,0,0,0,0,-0.20194191
872538,"

喜跃发国际环保新材料股份有限公司",1,0,0,0,0,1,-0.220801475
871606,"

山西大禹生物工程股份有限公司",0,0,0,0,0,0,-0.20194191
920062,"

永济天作电气股份有限公司",0,0,0,0,0,0,-0.220801475
873851,"

福建天泉药业股份有限公司",0,0,0,0,0,0,-0.220801475
873808,"

广东天诚密封件股份有限公司",0,0,0,0,0,0,-0.220801475
871755,"

太重集团向明智能装备股份有限公司",0,1,0,1,0,2,-0.220801475
872461,"

山东京普太阳能科技股份有限公司",0,0,0,0,0,0,-0.01691901
872709,"

深圳市巍特环境科技股份有限公司",0,0,0,0,0,0,-0.220801475
871564,"

宝鸡巨成钛业股份有限公司",1,0,0,0,0,1,-0.220801475
871478,"

宁夏巨能机器人股份有限公司",0,3,0,0,0,3,-0.20194191
872320,"

宁夏康亚药业股份有限公司",0,0,0,0,0,0,-0.108148898
872836,荣成康派斯新能源车辆股份有限公司,1,3,0,0,0,4,-0.220801475
873111,惠州攸特电子股份有限公司,1,1,0,0,0,2,-0.089289333
872511,"

智林信息技术股份有限公司",0,16,0,4,0,20,-0.164391051
872808,曙光数据基础设施创新技术（北京）股份有限公司,1,6,0,0,0,7,1.045338694
872200,福建欣隆环保股份有限公司,0,0,0,0,0,0,0.023363244
872543,"

河北欧耐机械模具股份有限公司",0,0,0,0,0,0,-0.220801475
871415,"

南京欧陆电气股份有限公司",2,2,0,0,0,4,-0.220801475
872910,"

正升环境科技股份有限公司",0,0,0,0,0,0,-0.107980627
872816,"

毕托巴科技股份有限公司",0,0,0,0,0,0,-0.220801475
873303,"

河南润鑫新材料股份有限公司",1,0,0,0,0,1,-0.220801475
872400,"

辽宁爱维尔金属成型科技股份有限公司",0,0,0,0,0,0,-0.20194191
872561,河北瑞兆激光再制造技术股份有限公司,0,0,0,0,0,0,-0.220801475
871847,"

江西百盈高新技术股份有限公司",15,0,0,0,0,15,-0.220801475
872799,山东益康药业股份有限公司,0,0,0,0,0,0,0.062092
873233,"

浙江睿高新材料股份有限公司",0,0,0,0,0,0,-0.220801475
872958,"

上海硕恩网络科技股份有限公司",0,9,0,1,0,10,-0.220801475
871394,"

立信（重庆）数据科技股份有限公司",1,1,0,0,0,2,0.283487863
873151,"

安徽翰联色纺股份有限公司",0,0,0,0,0,0,-0.164391051
872573,"

艾瑞汽车科技（哈尔滨）股份有限公司",0,0,0,0,0,0,-0.220801475
872895,"

花溪科技

新乡市花溪科技股份有限公司",0,1,0,0,0,1,-0.220801475
873223,"

浙江荣亿精密机械 股份有限公司",0,0,0,0,0,0,-0.183250616
873577,"

西安菲尔特金属过滤材料股份有限公司",0,0,0,0,0,0,-0.220801475
872967,"

蓉中电气股份有限公司",0,0,0,0,0,0,-0.220801475
873529,"

西安诺博尔稀贵金属材料股份有限公司",0,0,0,0,0,0,-0.220801475
871645,"

贵州捷盛钻具股份有限公司",0,0,0,0,0,0,-0.220801475
871769,"

福建路通管业科技股份有限公司",0,0,0,0,0,0,-0.220801475
871849,"

江西远东药业股份有限公司",0,0,0,0,0,0,-0.220801475
873131,金石钻探（唐山）股份有限公司,0,0,0,0,0,0,-0.220801475
872925,"

惠州市锦好医疗科技股份有限公司",0,2,0,0,0,2,-0.220801475
872559,"

长河信息股份有限公司",0,10,0,0,0,10,-0.145699757
873638,"

宁夏隆基宁光仪表股份有限公司",2,3,0,0,0,5,0.154707115
873425,"

沈阳隆基电磁科技股份有限公司",0,0,0,0,0,0,-0.070429768
872230,"

青岛积成电子股份有限公司",0,1,0,0,0,1,-0.220801475
430391,"

郑州万特电气股份有限公司",1,4,0,1,0,6,-0.183250616
834971,山东三元生物科技股份有限公司,0,0,0,0,0,0,8.12143E-20
688085,上海三友医疗器械股份有限公司,0,6,0,0,0,6,0.114593132
603663,三祥新材股份有限公司,0,0,0,0,0,0,-0.220801475
603131,上海沪工焊接集团股份有限公司,3,0,0,0,0,3,0.004503679
430324,"

上海致远绿色能源股份有限公司",0,0,0,0,0,0,-0.220801475
301028,厦门东亚机械工业股份有限公司,2,1,0,0,0,3,-0.16422278
301081,浙江严牌过滤技术股份有限公司,0,0,0,0,0,0,-0.220801475
301031,西安中熔电气股份有限公司,0,6,0,0,0,6,-0.145531486
834144,"

沈阳中科三耐新材料股份有限公司",0,0,0,0,0,0,-0.220801475
688267,中触媒新材料股份有限公司,0,0,0,0,0,0,0.004503679
430075,"

北京中讯四方科技 股份有限公司",0,1,0,0,0,1,-0.220801475
605305,中际联合（北京）科技股份有限公司,0,0,0,0,0,0,-0.220801475
688199,天津久日新材料股份有限公司,0,2,0,0,0,2,-0.183250616
688060,江苏云涌电子科技股份有限公司,0,6,0,2,0,8,-0.220801475
688190,青岛云路先进材料技术股份有限公司,3,0,0,0,0,3,-0.145699757
601908,北京京运通科技股份有限公司,0,0,0,0,0,0,0.337166892
603666,亿嘉和科技股份有限公司,0,15,0,10,0,25,-0.16422278
688219,会通新材料股份有限公司,3,3,0,0,0,6,-0.220801475
688198,北京佰仁医疗科技股份有限公司,0,0,0,0,0,0,2.005777473
603912,南京佳力图机房环境技术股份有限公司,1,8,0,0,0,9,-0.051570203
688201,北京信安世纪科技股份有限公司,1,5,0,0,0,6,-0.220801475
688155,上海先惠自动化技术股份有限公司,0,14,0,2,0,16,0.098464962
603489,八方电气（苏州）股份有限公司,1,0,0,0,0,1,-0.014187615
301060,上海兰卫医学检验所股份有限公司,0,1,0,2,0,3,0.637573764
688269,西安凯立新材料股份有限公司,0,1,0,0,0,1,-0.20194191
688065,上海凯赛生物技术股份有限公司,0,5,0,0,0,5,0.149412597
300991,深圳市创益通技术股份有限公司,0,0,0,0,0,0,-0.183250616
688135,广东利扬芯片测试股份有限公司,0,9,0,0,0,9,-0.03304718
605118,厦门力鼎光电股份有限公司,5,4,0,0,0,9,-0.220801475
688071,上海华依科技集团股份有限公司,0,4,0,0,0,4,0.117156256
601702,上海华峰铝业股份有限公司,0,2,0,0,0,2,0.023699786
301218,浙江华是科技股份有限公司,0,10,0,4,0,14,-0.070598039
430009,"

北京华环电子股份有限公司",1,3,0,0,0,4,-0.145699757
301256,华融化学股份有限公司,0,0,0,0,0,0,0.82003354
688059,株洲华锐精密工具股份有限公司,0,0,0,0,0,0,-0.089289333
301087,可孚医疗科技股份有限公司,9,6,0,0,0,15,-0.220801475
430359,"

武汉同济现代医药科技股份有限公司",0,0,0,0,0,0,0.174239764
300990,三河同飞制冷股份有限公司,0,1,0,0,0,1,-0.220801475
603339,四方科技集团股份有限公司,0,1,0,0,0,1,-0.220801475
430076,"

北京国基科技股份有限公司",0,0,0,0,0,0,-0.183250616
688027,科大国盾量子技术股份有限公司,0,4,0,0,0,4,-0.183250616
603826,福建坤彩材料科技股份有限公司,0,0,0,0,0,0,-0.220801475
688165,埃夫特智能机器人股份有限公司,0,15,0,2,0,17,-0.070598039
603757,浙江大元泵业股份有限公司,0,0,0,0,0,0,-0.220801475
688077,安徽大地熊新材料股份有限公司,0,0,0,0,0,0,0.675124623
430663,"

济南大陆机电股份有限公司",0,0,0,0,0,0,-0.220801475
688003,苏州天准科技股份有限公司,0,27,0,0,0,27,-0.220801475
603725,广东天安新材料股份有限公司,1,0,0,0,0,1,-0.220801475
603330,天洋新材（上海）科技股份有限公司,0,0,0,0,0,0,0.793071719
603956,上海威派格智慧水务股份有限公司,0,9,0,0,0,9,-0.20194191
430732,山东威马泵业股份有限公司,0,0,0,0,0,0,-0.220801475
301019,宁波色母粒股份有限公司,0,0,0,0,0,0,0.117156256
688168,北京安博通科技股份有限公司,1,36,0,1,0,38,-0.220801475
688075,杭州安旭生物科技股份有限公司,0,0,0,0,0,0,-0.220801475
688107,上海安路信息科技股份有限公司,2,9,0,0,0,11,1.316220621
688019,安集微电子科技（上海）股份有限公司,1,6,0,0,0,7,-0.220801475
301008,浙江宏昌电器科技股份有限公司,1,2,0,1,0,4,0.154875386
301031,烟台石川密封科技股份有限公司,0,0,0,0,0,0,0.023363244
603333,尚纬股份有限公司,1,1,0,0,0,2,0.039491414
688162,安徽巨一科技股份有限公司,0,5,0,0,0,5,-0.220801475
430408,"

帝信科技股份有限公司",0,14,0,0,0,14,-0.164391051
688186,张家港广大特材股份有限公司,0,0,0,0,0,0,-0.03304718
603590,北京康辰药业股份有限公司,0,0,0,0,0,0,0.304910551
300950,青岛德固特节能装备股份有限公司,0,0,0,0,0,0,-0.220801475
688069,无锡德林海环保科技股份有限公司,0,0,0,0,0,0,-0.220801475
301158,德州联合石油科技股份有限公司,0,1,0,0,0,1,-0.220801475
301007,大连德迈仕精密科技股份有限公司,0,3,0,1,0,4,-0.220801475
688016,上海微创心脉医疗科技（集团）股份有限公司,1,0,0,0,0,1,-0.183250616
605298,江苏必得科技股份有限公司,0,0,0,0,0,0,0.058182708
603203,快克智能装备股份有限公司,0,5,0,1,0,6,-0.20194191
430748,"

安徽恒均粉末冶金科技股份有限公司",0,0,0,0,0,0,-0.220801475
300946,福建恒而达新材料股份有限公司,1,2,0,0,0,3,0.133284426
430539,"

安徽扬子地板股份有限公司",3,0,0,0,0,3,-0.220801475
301089,拓新药业集团股份有限公司,0,0,0,0,0,0,-0.126840192
603507,江苏振江新能源装备股份有限公司,3,0,0,0,0,3,-0.16422278
688011,哈尔滨新光光电科技股份有限公司,0,20,0,1,0,21,-0.220801475
603040,杭州新坐标科技股份有限公司,0,1,0,0,0,1,-0.16422278
430685,"

宁波新芝生物科技股份有限公司",0,3,0,0,0,3,0.696547312
688257,苏州新锐合金工具股份有限公司,0,0,0,0,0,0,-0.183250616
688020,广州方邦电子股份有限公司,0,5,0,5,0,10,-0.108148898
300942,深圳市易瑞生物技术股份有限公司,0,1,0,0,0,1,-0.220801475
301077,浙江星华新材料集团股份有限公司,0,1,0,0,0,1,0.798610851
430017,"

北京星昊医药股份有限公司",0,0,0,0,0,0,-0.183250616
603657,金华春光橡塑科技股份有限公司,4,0,0,0,0,4,-0.183250616
430276,"兴业证券

上海晟矽微电子股份有限公司",4,5,0,1,0,10,-0.220801475
430590,"

成都晶宝时频技术股份有限公司",1,2,0,0,0,3,-0.145363215
301010,江苏晶雪节能科技股份有限公司,0,1,0,0,0,1,0.208722686
688191,智洋创新科技股份有限公司,0,142,0,1,0,143,-0.220801475
688159,深圳市有方科技股份有限公司,1,30,0,0,0,31,-0.126840192
688025,深圳市杰普特光电股份有限公司,0,0,0,1,0,1,-0.183250616
603098,森特士兴集团股份有限公司,0,0,0,0,0,0,5.277752112
603192,上海汇得科技股份有限公司,0,0,0,0,0,0,0.924583861
603078,江阴江化微电子材料股份有限公司,1,0,0,0,0,1,-0.054469869
603738,泰晶科技股份有限公司,1,2,0,1,0,4,-0.220801475
688026,广州洁特生物过滤股份有限公司,1,0,0,1,0,2,-0.220801475
605123,无锡派克新材料科技股份有限公司,0,0,0,0,0,0,-0.20194191
688063,上海派能能源科技股份有限公司,1,2,0,0,0,3,0.039491414
603048,浙江黎明智造股份有限公司,0,0,0,0,0,0,-0.035610304
603115,南通海星电子股份有限公司,0,4,0,0,0,4,-0.220801475
430503,"

兰州海红技术股份有限公司",0,0,0,0,0,0,-0.126840192
430476,"

海能未来技术集团股份有限公司",0,1,0,0,0,1,-0.220801475
688212,上海澳华内镜股份有限公司,0,1,0,0,0,1,-0.070598039
688022,苏州瀚川智能科技股份有限公司,1,24,0,0,0,25,-0.220801475
603678,福建火炬电子科技股份有限公司,1,4,0,0,0,5,-0.183250616
688182,江苏灿勤科技股份有限公司,2,0,0,0,0,2,-0.183250616
430716,"

浙江爱力浦科技股份有限公司",0,0,0,0,0,0,0.699278707
688050,爱博诺德（北京）医疗科技股份有限公司,3,0,0,0,0,3,-0.051738474
688067,爱威科技股份有限公司,0,24,0,1,0,25,-0.183082345
600436,漳州片仔癀药业股份有限公司,11,2,0,0,0,13,-0.220801475
688090,广州瑞松智能科技股份有限公司,0,53,0,1,0,54,-0.16422278
301129,瑞纳智能设备股份有限公司,0,27,0,2,0,29,0.846750748
301083,江西百胜智能科技股份有限公司,0,3,0,0,0,3,0.061755458
605016,山东百龙创园生物科技股份有限公司,1,0,0,0,0,1,1.935725659
688131,上海皓元医药股份有限公司,0,5,0,0,0,5,1.125734931
605183,确成硅化学股份有限公司,0,2,0,0,0,2,-0.108148898
688233,锦州神工半导体股份有限公司,0,10,0,0,0,10,-0.20194191
603109,神驰机电股份有限公司,0,0,0,0,0,0,-0.03304718
300980,湖北祥源新材科技股份有限公司,1,0,0,0,0,1,-0.145699757
603166,桂林福达股份有限公司,2,1,0,1,0,4,0.154707115
603786,科博达技术股份有限公司,1,1,0,0,0,2,-0.220801475
688070,成都纵横自动化技术股份有限公司,0,13,0,0,0,13,-0.20194191
688017,苏州绿的谐波传动科技股份有限公司,0,5,0,0,0,5,0.431128175
603041,江苏美思德化学股份有限公司,0,0,0,0,0,0,0.02080012
688220,翱捷科技股份有限公司,8,12,0,0,0,20,-0.164391051
688113,江苏联测机电科技股份有限公司,0,0,0,0,0,0,0.267359692
301131,广州市聚赛龙工程塑料股份有限公司,0,0,0,0,0,0,-0.03304718
603690,上海至纯洁净系统科技股份有限公司,0,7,0,0,0,7,-0.220801475
688239,贵州航宇科技发展股份有限公司,0,3,0,0,0,3,0.380685353
688230,上海芯导电子科技股份有限公司,0,4,0,0,0,4,-0.220801475
688037,沈阳芯源微电子设备股份有限公司,0,5,0,0,0,5,-0.220801475
300956,安徽英力电子科技股份有限公司,0,1,0,0,0,1,0.042054538
603579,上海荣泰健康科技股份有限公司,20,12,0,1,0,33,-0.108148898
688150,陕西莱特光电材料股份有限公司,0,1,0,2,0,3,-0.070598039
605199,海南葫芦娃药业集团股份有限公司,1,1,0,0,0,2,-0.03304718
601798,甘肃蓝科石化高新装备股份有限公司,2,0,0,0,0,2,-0.183250616
835237,"

成都西部泰力智能设备股份有限公司",0,0,0,0,0,0,0.77333174
688105,南京诺唯赞生物科技股份有限公司,0,6,0,0,0,6,0.149412597
603809,成都豪能科技股份有限公司,0,3,0,0,0,3,-0.164391051
603439,贵州三力制药股份有限公司,0,1,0,0,0,1,-0.183082345
600459,云南省贵金属新材料控股集团股份有限公司,0,1,0,0,0,1,-0.220801475
688108,赛诺医疗科学技术股份有限公司,0,0,0,0,0,0,0.004503679
301006,迈拓仪表股份有限公司,0,1,0,1,0,2,-0.108148898
301053,远信工业股份有限公司,0,1,0,0,0,1,-0.183250616
301079,邵阳维克液压股份有限公司,0,0,0,0,0,0,-0.183250616
688106,金宏气体股份有限公司,0,0,0,0,0,0,-0.220801475
603396,营口金辰机械股份有限公司,0,0,0,1,0,1,-0.01691901
688057,江西金达莱环保股份有限公司,0,2,0,0,0,2,-0.183250616
605389,江苏长龄液压股份有限公司,0,1,0,0,0,1,-0.220801475
688179,上海阿拉丁生化科技股份有限公司,12,1,0,0,0,13,-0.220801475
831239,"

陕西瑞科新材料股份有限公司",0,0,0,0,0,0,-0.054469869
603949,雪龙集团股份有限公司,0,0,0,0,0,0,-0.145699757
301100,营口风光新材料股份有限公司,0,0,0,0,0,0,-0.183250616
301086,深圳市鸿富瀚科技股份有限公司,0,0,0,1,0,1,0.043064164
688112,深圳市鼎阳科技股份有限公司,0,0,0,0,0,0,-0.220801475
830839,山东万通液压股份有限公司,1,0,0,0,0,1,-0.220801475
688618,深圳市三旺通信股份有限公司,2,28,0,3,0,33,-0.220801475
831195,"

青岛三祥科技股份有限公司",0,0,0,0,0,0,-0.054469869
833620,上海科特新材料股份有限公司,0,1,0,0,0,1,-0.220801475
873700,"

广东世创金属科技股份有限公司",0,0,0,0,0,0,8.12143E-20
832447,"

江苏东宝农化股份有限公司",0,0,0,0,0,0,-0.20194191
832901,"

东方水利智能科技股份有限公司",0,1,0,0,0,1,1.367336526
836693,"

宁国东方碾磨材料股份有限公司",0,0,0,0,0,0,-0.220801475
831981,"

深圳市中冀联合技术股份有限公司",0,2,0,0,0,2,-0.183250616
833401,"

广州市中崎商业机器股份有限公司",2,9,0,1,0,12,-0.220801475
871620,"

河北中泊防爆工具集团股份有限公司",2,0,0,0,0,2,-0.220801475
833602,"

中国科学院沈阳科学仪器股份有限公司",0,0,0,0,0,0,-0.183250616
688737,中自科技股份有限公司,0,0,0,0,0,0,-0.220801475
688317,上海之江生物科技股份有限公司,0,2,0,0,0,2,-0.145699757
688339,北京亿华通科技股份有限公司,0,0,0,0,0,0,0.321206993
871670,"

沧州会友线缆股份有限公司",0,0,0,0,0,0,-0.183082345
688698,苏州伟创电气科技股份有限公司,0,11,0,0,0,11,-0.220801475
831140,漳州佳龙科技股份有限公司,2,3,0,0,0,5,-0.220801475
831935,"

湖州倍格曼新材料股份有限公司",0,0,0,0,0,0,-0.145699757
688659,安徽元琛环保科技股份有限公司,0,3,0,0,0,3,-0.220801475
831689,"

威海克莱特菲尔风机股份有限公司",0,1,0,0,0,1,-0.220801475
831526,"

天津凯华绝缘材料股份有限公司",1,5,0,0,0,6,0.192257974
831463,"

郑州凯雪冷链股 份有限公司",1,0,0,0,0,1,-0.070429768
688363,"

广州创尔生物技术股份有限公司",2,0,0,0,0,2,-0.220801475
688589,深圳市力合微电子股份有限公司,81,29,0,1,0,111,-0.108148898
688565,浙江海盐力源环保科技股份有限公司,0,0,0,0,0,0,-0.183250616
831658,"

合肥华升泵阀股份有限公司",0,0,0,0,0,0,-0.014187615
832685,"

山西华洋吉禄科技股份有限公司",0,0,0,0,0,0,-0.20194191
831387,山东华特磁电科技股份有限公司,0,0,0,0,0,0,-0.183082345
688799,湖南华纳大药厂股份有限公司,1,1,0,0,0,2,2.562129808
830824,"

福州华虹智能科技股份有限公司",0,2,0,0,0,2,-0.220801475
688519,南亚新材料科技股份有限公司,2,2,0,0,0,4,-0.220801475
831207,"

福建南方制药股份有限公司",0,0,0,0,0,0,-0.220801475
688778,厦门厦钨新能源材料股份有限公司,0,2,0,0,0,2,-0.220801475
832834,"

浙江吉泰新材料股份有限公司",0,0,0,0,0,0,-0.164391051
833454,"

河南同心传动股份有限公司",0,1,0,0,0,1,-0.145699757
688722,北京同益中新材料科技股份有限公司,0,0,0,0,0,0,-0.107980627
832315,"

四川君和环保股份有限公司",0,0,0,0,0,0,-0.220801475
831287,唐山启奥科技股份有限公司,0,1,0,0,0,1,-0.145699757
688625,呈和科技股份有限公司,1,1,0,0,0,2,-0.220801475
688776,成都国光电气股份有限公司,0,0,0,0,0,0,-0.183250616
688289,圣湘生物科技股份有限公司,1,4,0,1,0,6,-0.220801475
688733,安徽壹石通材料科技股份有限公司,1,1,0,0,0,2,-0.220801475
688335,上海复洁环保科技股份有限公司,0,1,0,0,0,1,-0.183250616
831677,"

天意有福科技股份有限公司",4,0,0,0,0,4,-0.164391051
831048,"

承德天成印刷科技股份有限公司",0,0,0,0,0,0,-0.220801475
688277,北京天智航医疗科技股份有限公司,0,4,0,2,0,6,0.114593132
832499,"

铜陵天海流体控制股份有限公司",0,1,0,0,0,1,-0.164391051
832651,"

威海市天罡仪表股份有限公司",0,0,0,0,0,0,-0.183250616
688301,奕瑞电子科技集团股份有限公司,2,1,0,0,0,3,-0.145363215
833073,西安威盛电子科技股份有限公司,0,0,0,0,0,0,-0.220801475
832000,安徽凤凰滤清器股份有限公司,0,0,0,0,0,0,0.262065174
831945,"

安徽安泽电工股份有限公司",0,0,0,0,0,0,-0.183250616
830809,"

贵州安达科技能源股份有限公司",0,0,0,0,0,0,-0.220801475
831577,安阳鑫盛机床股份有限公司,2,0,0,0,0,2,-0.145531486
688330,上海宏力达信息技术股份有限公司,0,1,0,0,0,1,-0.220801475
833186,"

内蒙古一机集团宏远电器股份有限公司",1,0,0,0,0,1,-0.220801475
831827,山东宝来利来生物工程股份有限公司,0,0,0,0,0,0,-0.220801475
688272,北京富吉瑞光电科技股份有限公司,0,1,0,0,0,1,-0.220801475
688350,江苏富淼科技股份有限公司,0,1,0,0,0,1,-0.183082345
831378,"

富耐克超硬材料股份有限公司",0,0,0,0,0,0,-0.183250616
688367,"

合肥工大高科信息科技股份有限公司",0,0,0,0,0,0,-0.20194191
830818,"

苏州巨峰电气绝缘系统股份有限公司",0,0,0,0,0,0,-0.220801475
832049,"

江西省广德环保科技股份有限公司",0,0,0,0,0,0,-0.183250616
831619,"

广州广电五舟科技股份有限公司",0,46,0,0,0,46,-0.183250616
688357,洛阳建龙微纳新材料股份有限公司,0,0,0,0,0,0,-0.220801475
832978,"

湖北开特汽车电子电器系统股份有限公司",0,0,0,0,0,0,-0.220801475
832665,"

新疆德安环保科技股份有限公司",0,0,0,0,0,0,-0.220801475
833523,"

惠州市惠德瑞锂电科技股份有限公司",4,2,0,0,0,6,-0.220801475
688360,德马科技集团股份有限公司,13,21,0,1,0,35,1.50653804
832980,"

新疆怡林实业股份有限公司",5,0,0,0,0,5,-0.220801475
688786,江西悦安新材料股份有限公司,0,7,0,0,0,7,-0.220801475
688617,深圳惠泰医疗器械股份有限公司,0,0,0,0,0,0,-0.220801475
830803,"

沈阳新松医疗科技股份有限公司",0,0,0,0,0,0,-0.070261497
832060,"

福建施可瑞医疗科技股份有限公司",1,0,0,0,0,1,0.979272516
688699,深圳市明微电子股份有限公司,2,1,0,0,0,3,-0.12650365
831244,"

星展测控科技股份有限公司",0,2,0,0,0,2,0.042054538
688633,南通星球石墨股份有限公司,0,0,0,0,0,0,-0.220801475
832885,"

桂林星辰科技股 份有限公司",0,0,0,0,0,0,-0.220801475
833165,"

广东智科电子股份有限公司",5,3,0,0,0,8,-0.20194191
831593,哈尔滨朗昇电气股份有限公司,0,2,0,0,0,2,-0.051738474
688696,极米科技股份有限公司,16,3,0,0,0,19,-0.145531486
832554,"

桑尼泰克精密工业股份有限公司",0,0,0,0,0,0,-0.145699757
831406,"

福建森达电气股份有限公司",0,0,0,0,0,0,-0.220801475
832447,"

北京森馥科技股份有限公司",0,3,0,0,0,3,-0.220801475
831564,"

欧伏电气股份有限公司",0,2,0,0,0,2,-0.013851073
688319,成都欧林生物科技股份有限公司,0,0,0,0,0,0,-0.145699757
688308,株洲欧科亿数控精密刀具股份有限公司,0,1,0,0,0,1,0.193604142
833394,"

烟台民士达特种纸业股份有限公司",0,0,0,0,0,0,-0.220801475
688553,四川汇宇制药股份有限公司,0,1,0,0,0,1,-0.220801475
833455,"

大连汇隆活塞股份有限公司",0,0,0,0,0,0,-0.108148898
831278,"

青岛泰德轴承科技股份有限公司",0,0,0,0,0,0,-0.145699757
688577,浙江海德曼智能装备股份有限公司,0,2,0,0,0,2,-0.220801475
688787,北京海天瑞声科技股份有限公司,7,72,0,0,0,79,-0.183250616
833211,"

江西赣南海欣药业股份有限公司",0,0,0,0,0,0,-0.220801475
688677,青岛海泰新光科技股份有限公司,1,2,0,2,0,5,-0.183250616
830964,河北润农节水科技股份有限公司,0,2,0,0,0,2,-0.220801475
831565,"

淮南润成科技股份有限公司",0,2,0,0,0,2,-0.220801475
688328,深圳市深科达智能装备股份有限公司,1,5,0,1,0,7,-0.145699757
831598,上海热像科技股份有限公司,0,1,0,1,0,2,2.614877329
830813,"

河南熔金高温材料股份有限公司",0,0,0,0,0,0,-0.220801475
833574,"

北京爱知之星科技股份有限公司",0,6,0,0,0,6,0.205823021
688800,苏州瑞可达连接系统股份有限公司,0,7,0,0,0,7,-0.145699757
688600,安徽皖仪科技股份有限公司,1,2,0,0,0,3,-0.145699757
833534,"

河北神玥软件科技股份有限公司",0,0,0,0,0,0,0.152143991
688622,广州禾信仪器股份有限公司,0,3,0,0,0,3,-0.01691901
833580,"

洛阳科创新材料股份有限公司",0,0,0,0,0,0,-0.220801475
688305,科德数控股份有限公司,0,0,0,0,0,0,0.004503679
688681,山东科汇电力自动化股份有限公司,1,5,0,0,0,6,0.042054538
832780,"

湖南科瑞生物制药股份有限公司",0,0,0,0,0,0,-0.126840192
831832,"

山西科达自控股份有限公司",2,0,0,3,0,5,-0.220801475
688528,成都秦川物联网科技股份有限公司,0,2,0,0,0,2,-0.108148898
833423,"

深圳市穗晶光电股份有限公司",0,0,0,0,0,0,-0.220801475
688690,苏州纳微科技股份有限公司,0,0,0,0,0,0,-0.220801475
832522,"

邢台纳科诺尔精轧科技股份有限公司",0,0,0,0,0,0,-0.014187615
833467,"

浙江纳美新材料股份有限公司",0,0,0,0,0,0,-0.220801475
831546,"

美林数据技术股份有限公司",6,20,0,3,0,29,0.315912474
688626,河南翔宇医疗设备股份有限公司,0,13,0,11,0,24,-0.145699757
831212,"

云南昆钢耐磨材料科技股份有限公司",0,0,0,0,0,0,-0.220801475
830883,威海联桥新材料科技股份有限公司,0,0,0,0,0,0,-0.220801475
832047,"

浙江联洋新材料股份有限公司",1,0,0,0,0,1,-0.220801475
688300,江苏联瑞新材料股份有限公司,0,2,0,0,0,2,-0.220801475
688510,无锡航亚科技股份有限公司,0,3,0,0,0,3,1.142367914
832007,"

云南航天工程物探检测股份有限公司",0,0,0,0,0,0,2.097007361
688798,上海艾为电子技术股份有限公司,5,9,0,0,0,14,-0.220801475
688329,苏州艾隆科技股份有限公司,0,11,0,0,0,11,-0.220801475
688508,无锡芯朋微电子股份有限公司,0,0,0,0,0,0,-0.20194191
688667,武汉菱电汽车电控系统股份有限公司,0,0,0,0,0,0,-0.145699757
831081,"

西安西驰电气股份有限公司",0,0,0,0,0,0,-0.108148898
831396,许昌智能继电器股份股份有限公司在北京证券交易所上 有限公司,0,3,0,0,0,3,-0.220801475
688398,福建赛特新材股份有限公司,0,0,0,0,0,0,0.211454081
832107,"

达能电气股份有限公司",0,0,0,1,0,1,0.192257974
688310,迈得医疗工业设备股份有限公司,0,5,0,0,0,5,-0.220801475
688377,南京迪威尔高端制造股份有限公司,0,0,0,0,0,0,-0.220801475
830857,"

广东金冠科技股份有限公司",0,0,0,0,0,0,-0.220801475
688598,湖南金博碳素股份有限公司,0,0,0,0,0,0,-0.108148898
830994,"

上海金友金弘智能电气股份有限公司",0,0,0,0,0,0,-0.220801475
832094,"

沈阳金昌蓝宇新材料股份有限公司",0,0,0,0,0,0,-0.054469869
688676,海南金盘智能科技股份有限公司,1,53,0,1,0,55,-0.03304718
832982,"

山西锦波生物医药股份有限公司",0,1,0,0,0,1,-0.220801475
830902,四川长仪油气集输设备股份有限公司,0,3,0,0,0,3,-0.220801475
830821,"

安徽雪郎生物科技股份有限公司",0,0,0,0,0,0,-0.220801475
831584,上海雷博司电气股份有限公司,0,0,0,0,0,0,-0.220801475
831309,"

湖北雷迪特热系统股份有限公司",0,0,0,0,0,0,-0.220801475
831846,"

苏州飞驰环保科技股份有限公司",0,0,0,0,0,0,1.954585224
833063,"

蚌埠高华电子股份有限公司",3,0,0,0,0,3,-0.183250616
832063,上海鸿辉光通科技股份有限公司,0,0,0,0,0,0,-0.108148898
832234,"

威海鸿通管材股份有限公司",0,0,0,0,0,0,-0.220801475
870583,安徽一天电气技术股份有限公司,0,0,0,0,0,0,-0.220801475
839273,"

湖北一致魔芋生物科技股份有限公司",1,0,0,0,0,1,-0.220801475
870381,北京第七九七音响股份有限公司,0,1,0,0,0,1,-0.220801475
836419,"

西安万德能源化学股份有限公司",0,3,0,0,0,3,-0.16422278
834475,"

三门三友科技股份有限公司",0,0,0,0,0,0,-0.220801475
870952,浙江三辰电器股份有限公司,0,0,0,0,0,0,-0.220801475
839792,"

辽宁东和新材料股份有限公司",0,0,0,0,0,0,8.12143E-20
835370,武汉东江菲特科技股份有限公司,0,0,0,0,0,0,-0.220801475
834469,"

沈阳东管电力科技集团股份有限公司",0,0,0,0,0,0,-0.20194191
836797,"

西安东风机电股份有限公司",0,0,0,0,0,0,-0.183250616
835911,"

中农华威制药股份有限公司",0,0,0,0,0,0,-0.108148898
839163,"

中安华邦（北京）安全生产技术研究院股份有限公司",0,4,0,4,0,8,-0.220801475
836260,"

成都中寰流体控制设备股份有限公司",0,0,0,0,0,0,-0.220801475
837555,"

中电科微波通信（上海）股份有限公司",1,0,0,0,0,1,-0.220801475
835892,"

中科美菱低温科技股份有限公司",0,2,0,0,0,2,-0.220801475
836913,"

北京中鼎恒业科技股份有限公司",0,0,0,0,0,0,-0.220801475
835305,"

南京云创大数据科技 股份有限公司",0,74,0,0,0,74,-0.220801475
835174,"

湖南五新隧道智能装备股份有限公司",0,1,0,0,0,1,-0.220801475
870781,"

宁波亿林节水科技股份有限公司",4,0,0,0,0,4,0.594728386
839073,"

广东亿鑫丰智能装备股份有限公司",0,1,0,0,0,1,-0.220801475
870154,"

江西伊发电力科技股份有限公司",0,0,0,0,0,0,-0.20194191
838082,"

江西众加利高科技股份有限公司",0,1,0,0,0,1,-0.145699757
835207,"

河南众诚信息科技股份有限公司",0,20,0,9,0,29,-0.220801475
870548,"

安徽凯奥新能源股份有限公司",0,0,0,0,0,0,2.557962092
838388,"

青岛凯能环保科技股份有限公司",0,0,0,0,0,0,-0.183250616
836703,"

湖南创一工业新材料股份有限公司",0,0,0,0,0,0,-0.145363215
839291,"

厦门利德宝电子科技股份有限公司",0,0,0,0,0,0,-0.183250616
839732,"

江苏力博医药生物技术股份有限公司",0,0,0,0,0,0,-0.220801475
835692,"

广东力王高新科技股份有限公司",1,1,0,0,0,2,-0.183250616
839148,"

四川升拓检测技术股份有限公司",0,1,0,0,0,1,2.027200162
870774,安徽华信电动科技股份有限公司,0,1,0,0,0,1,-0.220801475
838837,"

广西华原过滤系统股份有限公司",1,0,0,0,0,1,-0.220801475
833960,"

河北华发教育科技股份有限公司",0,9,0,1,0,10,-0.220801475
836247,"

河北华密新材科技股份有限公司",0,1,0,0,0,1,-0.220801475
837819,"

河南华泰粮油机械股份有限公司",0,0,0,0,0,0,-0.220801475
839946,"

湖北华阳汽车变速系统股份有限公司",0,0,0,0,0,0,-0.164391051
838632,河北协同环保科技股份有限公司,0,0,0,0,0,0,-0.183250616
833711,"

上海卓易科技股份有限公司",0,2,0,0,0,2,-0.183250616
833678,"

株洲南方阀门股份有限公司",0,1,0,0,0,1,-0.20194191
836552,西安博深安全科技股份有限公司,0,6,0,2,0,8,0.283487863
688592,上海司南导航技术股份有限公司,0,3,0,0,0,3,-0.183250616
834065,"

安徽合凯电气科技股份有限公司",0,0,0,0,0,0,-0.220801475
871229,"

山西合力创新科技股份有限公司",0,8,0,0,0,8,-0.220801475
835595,湖北固润科技股份有限公司,0,3,0,0,0,3,-0.220801475
870802,"

多立恒（北京）能源技术股份公司",0,0,0,0,0,0,-0.145699757
838593,"

陕西大唐燃气安全科技股份有限公司",0,1,0,0,0,1,-0.183250616
871037,"

唐山天和环保科技股份有限公司",0,0,0,0,0,0,0.337166892
838451,"

蚌埠天成包装科技股份有限公司",0,0,0,0,0,0,-0.108148898
837601,湖北天瑞电子股份有限公司,0,0,0,0,0,0,-0.220801475
839507,"

天筑科技股份有限公司",0,0,0,0,0,0,0.079605397
838971,"

河南天马新材料股份有限公司",0,2,0,0,0,2,-0.108148898
839161,"

常德天马电器股份有限公司",0,0,0,0,0,0,-0.220801475
870264,"

奥瑞拓能源科技股份有限公司",0,0,0,0,0,0,-0.183250616
839719,"

江西宁新新材料股份有限公司",0,0,0,0,0,0,-0.220801475
870170,"

大同宇林德石墨新材料股份有限公司",0,0,0,0,0,0,-0.220801475
835640,"富士达

中航富士达科技股份有限公司",2,9,0,1,0,12,-0.220801475
833887,"

江西庞泰环保股份有限公司",0,0,0,0,0,0,-0.220801475
833804,"

康威通信技术股份有限公司",0,2,0,0,0,2,-0.145699757
839939,"

德中（天津）技术发展股份有限公司",0,0,0,0,0,0,-0.220801475
837044,"

德蓝水技术股份有限公司",0,0,0,0,0,0,-0.220801475
835532,"

厦门航天思尔特机器人系统股份公司",0,0,0,0,0,0,-0.220801475
838804,惠州市恒泰科技股份有限公司,7,4,0,3,0,14,-0.220801475
838949,"

牡丹江恒远药业股份有限公司",0,0,0,0,0,0,0.321206993
833751,湖南惠同新材料股份有限公司,0,0,0,0,0,0,-0.145699757
835438,"

湖北戈碧迦光电科技股份有限公司",0,2,0,0,0,2,-0.220801475
834404,"

扬戈科技股份 有限公司",0,0,0,0,0,0,-0.220801475
837654,湖南文昌新材科技股份有限公司,0,0,0,0,0,0,-0.220801475
838624,山西文龙中美环能科技股份有限公司,0,2,0,0,0,2,-0.220801475
834217,"

徐州斯尔克纤维科技股份有限公司",0,0,0,0,0,0,0.560413735
834552,"

天津斯巴克瑞汽车电子股份有限公司",1,0,0,0,0,1,-0.220801475
870426,"

上海普英特高层设备股份有限公司",0,0,0,0,0,0,-0.183250616
834534,"

上海曼恒数字技术股份有限公司",4,4,0,53,0,61,-0.220801475
835579,"

机科发展科技股份有限公司",0,2,0,0,0,2,-0.145699757
834166,"

合肥杰事杰新材料股份有限公司",0,0,0,0,0,0,-0.220801475
870757,天津森罗科技股份有限公司,0,0,0,0,0,0,-0.220801475
834042,"

福建欣宇卫浴科技股份有限公司",0,0,0,0,0,0,-0.145699757
836414,"

上海欧普泰科技创业 股份有限公司",0,22,0,3,0,25,-0.220801475
836903,"

河北汇东管道股份有限公司",0,0,0,0,0,0,-0.20194191
838460,"

河南汇博医疗股份有限公司",0,2,0,0,0,2,-0.220801475
836957,"

东莞市汉维科技股份有限公司",0,0,0,0,0,0,8.820415351
837363,沃达农业科技股份有限公司,0,0,0,0,0,0,-0.145699757
870204,"

南京沪江复合材料股份有限公司",0,0,0,0,0,0,-0.220801475
838587,"

上海泽鑫电力科技股份有限公司",0,0,0,0,0,0,-0.220801475
837891,"

浙江伏尔特医疗器械股份有限公司",0,0,0,0,0,0,-0.220801475
838558,"

盘锦海兴科技股份有限公司",4,0,0,0,0,4,1.104312242
870292,"

舟山海山机械密封材料股份有限公司",0,0,0,0,0,0,-0.220801475
836949,"

武汉源启科技股份有限公司",0,6,0,0,0,6,-0.145699757
839786,"

深圳源明杰科技股份有限公司",1,0,0,0,0,1,-0.220801475
838811,"

瀚正信息科技股份有限公司",0,3,0,1,0,4,-0.220801475
836967,"

宁波爱去欧净水科技股份有限公司",0,0,0,0,0,0,-0.220801475
834707,"

武汉爱迪科技股份有限公司",0,14,0,0,0,14,-0.220801475
833675,"

河南环宇玻璃科技股份有限公司",0,0,0,0,0,0,-0.220801475
839180,"

深圳瑞福来智能科技股份有限公司",4,0,0,0,0,4,-0.145363215
839224,"

福建田中机械科技股份有限公司",0,0,0,0,0,0,-0.220801475
835391,浙江百事宝电器股份有限公司,0,0,0,0,0,0,0.004503679
839589,山西百澳智能玻璃股份有限公司,0,0,0,0,0,0,-0.20194191
839205,"

许昌豫盛昌电气股份有限公司",0,0,0,0,0,0,0.058182708
833682,"

福建福特科光电股份有限公司",0,13,0,3,0,16,-0.220801475
835792,"

四川科力特硬质合金股份有限公司",0,0,0,0,0,0,0.304910551
834062,"

科润智能控制股份有限公司",0,1,0,1,0,2,-0.220801475
836679,"

科睿特软件集团股 份有限公司",0,12,0,6,0,18,-0.145363215
836560,"

山西科腾环保新材料股份有限公司",0,0,0,0,0,0,-0.220801475
833707,"

宁波精华电子科技股份有限公司",0,0,0,0,0,0,-0.220801475
835773,"

烟台东方纵横科技股份有限公司",0,1,0,0,0,1,-0.220801475
838172,"

山东芯诺电子科技股份有限公司",0,5,0,0,0,5,-0.220801475
837664,"

重庆荆江汽车半轴股份有限公司",0,0,0,0,0,0,0.766354511
870637,"

兰州裕隆气体股份有限公司",0,0,0,0,0,0,-0.220801475
835680,"

西部宝德科技股份有限公司",0,0,0,0,0,0,-0.01691901
839187,漳州视瑞特光电科技股份有限公司,2,2,0,0,0,4,1.227798471
837393,"

浙江诺和机电股份有限公司",1,0,0,0,0,1,-0.220801475
838878,"

深圳市诺安智能股份有限公司",1,2,0,0,0,3,-0.220801475
834399,"

广东贝源检测技术股份有限公司",0,0,0,0,0,0,-0.183250616
835185,"

贝特瑞新材料集团股份有限公司",0,0,0,0,0,0,-0.03304718
838486,"

广州远正智能科技股份有限公司",0,5,0,0,0,5,-0.220801475
837455,广东邦盛北斗科技股份公司,0,2,0,0,0,2,-0.220801475
838213,"

佛山金万达科技股份有限公司",0,0,0,0,0,0,-0.220801475
838939,"

东莞金坤新材料股份有限公司",1,0,0,0,0,1,-0.107980627
870014,"

芜湖金牛电气股份有限公司",0,0,0,0,0,0,-0.20194191
835492,"

天津铸金科技开发股份有限公司",0,0,0,1,0,1,-0.126840192
839894,"

浙江长城搅拌设备股份有限公司",0,0,0,1,0,1,-0.220801475
600839,四川长虹新能源科技股份有限公司,3,0,0,0,0,3,-0.220801475
833700,"

浙江阿斯克建材科技股份有限公司",0,0,0,0,0,0,-0.03304718
836861,"

鞍山发蓝股份公司",0,0,0,0,0,0,-0.145699757
838426,"

浙江飞鲸新材料科技股份有限公司",0,0,0,0,0,0,-0.220801475
834407,"

驰诚股份

河南驰诚电气股份有限公司",4,4,0,0,0,8,-0.20194191
839587,"

浙江鼎泰药业股份有限公司",0,0,0,0,0,0,-0.220801475
